7.600670279355428605e+00,3.198227225737659829e-01,1.000000000000000000e+00
2.563824090158477453e+00,9.307846496819177418e+00,1.000000000000000000e+00
9.677279304694220485e+00,3.558888140991520732e+00,1.000000000000000000e+00
9.741648092052768604e+00,2.286907433954576963e+00,1.000000000000000000e+00
2.029363865513310827e+00,3.947807301986703266e+00,0.000000000000000000e+00
2.913366233854288723e+00,4.193533115464490812e+00,0.000000000000000000e+00
3.385929276673772748e+00,4.139120043735310617e+00,1.000000000000000000e+00
5.771589380476438436e-01,5.134355483267593279e+00,0.000000000000000000e+00
2.675660407364621740e+00,5.863328173027904988e+00,0.000000000000000000e+00
7.132065124335607464e+00,3.746855184819697371e+00,1.000000000000000000e+00
4.132802733646395055e+00,6.099749209975610320e+00,1.000000000000000000e+00
6.432328047980052865e+00,4.196895886857989311e+00,1.000000000000000000e+00
8.355398575029724384e+00,7.800582860522107254e+00,1.000000000000000000e+00
3.005353981697726162e+00,1.355796726199884894e+00,0.000000000000000000e+00
9.900389297566819735e+00,1.535623398583833010e+00,1.000000000000000000e+00
3.895792509756875965e+00,3.647640228513323812e+00,1.000000000000000000e+00
3.396572905057570146e+00,7.334198561751170686e-01,0.000000000000000000e+00
9.009306359142744469e+00,6.835765701001887962e+00,2.000000000000000000e+00
9.299129900403304561e+00,7.376597530850251161e+00,2.000000000000000000e+00
7.103972382740187719e+00,1.149463565201963577e+00,1.000000000000000000e+00
3.434691748709059134e+00,5.951233574155891937e+00,1.000000000000000000e+00
4.719684638986235470e+00,7.358394163700889834e+00,1.000000000000000000e+00
3.719084837205623995e+00,5.735695642523699789e+00,1.000000000000000000e+00
1.216770475530704054e-01,4.027513593123420499e+00,0.000000000000000000e+00
5.221557039961894908e+00,5.024608551511418497e+00,2.000000000000000000e+00
7.074555151851129153e+00,2.552270439363630850e+00,1.000000000000000000e+00
8.494794739683639406e+00,9.303929369475413935e+00,2.000000000000000000e+00
7.178547502464828867e+00,1.366366170635487931e+00,1.000000000000000000e+00
7.893392000213625970e+00,4.994046056161195679e+00,1.000000000000000000e+00
3.691640478611848408e+00,4.672868209792888194e+00,1.000000000000000000e+00
7.743609407307130432e+00,4.461550893631331505e+00,1.000000000000000000e+00
2.913836381954929777e+00,1.978288996082799844e+00,0.000000000000000000e+00
3.207912699587940342e+00,2.135054796079925765e+00,0.000000000000000000e+00
6.397580184599716446e+00,5.513445468387838666e+00,2.000000000000000000e+00
4.239618196974802800e+00,6.021218144474465461e+00,1.000000000000000000e+00
8.143111952371352658e+00,3.403722804725817230e+00,1.000000000000000000e+00
8.817330206458693809e+00,1.247094452111627838e+00,1.000000000000000000e+00
2.546919294990329874e+00,5.328274915670459855e+00,0.000000000000000000e+00
8.383888263894913706e+00,6.054292293533912073e+00,1.000000000000000000e+00
3.574777536089339680e+00,6.687822030335524026e+00,1.000000000000000000e+00
1.598236513469570852e+00,8.016524704251766664e+00,0.000000000000000000e+00
9.652918265163460632e+00,5.572427106063755353e+00,2.000000000000000000e+00
8.310518461901754250e+00,2.655980863060405373e+00,1.000000000000000000e+00
3.199799649969646609e+00,1.553114263032492337e+00,0.000000000000000000e+00
7.575755466762150725e+00,6.926410759017898044e-02,1.000000000000000000e+00
6.792647679021720286e+00,7.392579342068960280e+00,2.000000000000000000e+00
7.677246916378599906e+00,3.422594702995721327e+00,1.000000000000000000e+00
4.688380284049276980e+00,1.654172879782399574e+00,1.000000000000000000e+00
6.090349815274519685e+00,9.221092263405921585e+00,2.000000000000000000e+00
7.452461642772566286e+00,4.791618614220225503e+00,1.000000000000000000e+00
2.141892345242590867e+00,4.305136473609525893e+00,0.000000000000000000e+00
3.090443668254483356e-01,7.991142773309594993e+00,1.000000000000000000e+00
5.336750793885903121e+00,8.037202833145547842e+00,2.000000000000000000e+00
9.024980693582364211e+00,5.050264521841751897e-01,1.000000000000000000e+00
7.307206191572532816e+00,7.244060034956442351e+00,1.000000000000000000e+00
6.755326519047674338e+00,3.175730283552224975e-03,1.000000000000000000e+00
8.549068598060644675e+00,1.937370975560175346e+00,1.000000000000000000e+00
8.597532033566592347e+00,2.093973846746751910e+00,1.000000000000000000e+00
8.900500992386103150e+00,9.307600639053692504e+00,2.000000000000000000e+00
8.749879434775976961e+00,4.244612777376377544e-01,1.000000000000000000e+00
5.374199122876277546e-01,8.244089230555823988e+00,1.000000000000000000e+00
9.323731883168498769e+00,4.821338783774797854e-01,1.000000000000000000e+00
3.863620470731277123e-01,7.818664013104092980e-01,0.000000000000000000e+00
1.417536731738697764e+00,2.650599411047760423e+00,0.000000000000000000e+00
4.273308596719163965e+00,9.505454399327300408e+00,1.000000000000000000e+00
5.174329605312564695e+00,7.808825489625195182e+00,2.000000000000000000e+00
9.760852527665527134e+00,3.016333809604626381e+00,1.000000000000000000e+00
1.542751206750482273e+00,5.016793948031176953e+00,0.000000000000000000e+00
4.500211598908401278e+00,8.076941518110116291e+00,1.000000000000000000e+00
8.792459354377613057e-01,5.721065221694429326e+00,0.000000000000000000e+00
2.416184771629243944e+00,9.756589310878730714e+00,1.000000000000000000e+00
6.529788650533606464e+00,7.638342271328727229e+00,2.000000000000000000e+00
3.697158246225807687e+00,1.108497679040812978e+00,0.000000000000000000e+00
9.172457244006364974e+00,8.598512983312669888e+00,2.000000000000000000e+00
6.960772660573018911e+00,8.966206209067593136e+00,2.000000000000000000e+00
7.577430997147571734e-01,7.272321261606384812e-01,0.000000000000000000e+00
8.212153795266827316e+00,9.013911573227314733e+00,2.000000000000000000e+00
1.769117548318722699e+00,7.575112731844867220e+00,0.000000000000000000e+00
8.075649472111573246e+00,7.927267862743986981e+00,1.000000000000000000e+00
6.089647052739774580e+00,1.442020672943955528e+00,1.000000000000000000e+00
2.249511159990719378e+00,3.154885068858281905e-01,0.000000000000000000e+00
9.091344652240922031e+00,9.582842813915407376e+00,2.000000000000000000e+00
9.897658684018221464e+00,1.296796283044243658e+00,1.000000000000000000e+00
9.419676260752851693e-01,7.991055389212633031e+00,0.000000000000000000e+00
5.329643306203424302e+00,7.621062436342128876e+00,2.000000000000000000e+00
5.774467694470246215e+00,7.112251163218587635e+00,2.000000000000000000e+00
9.670049645295202723e+00,5.084342753430837192e-02,1.000000000000000000e+00
9.477311050117124935e+00,7.804032915487097988e+00,2.000000000000000000e+00
9.826643250551072128e+00,4.907610214576597407e+00,2.000000000000000000e+00
4.376622273206423053e+00,4.655508312900925816e+00,1.000000000000000000e+00
2.911903900557809344e+00,7.722858768517163242e+00,1.000000000000000000e+00
1.819451362844273223e+00,2.644294255806730831e+00,0.000000000000000000e+00
7.003575995984556712e+00,7.558590067509753041e+00,1.000000000000000000e+00
5.559249090891955625e+00,8.652784636963710696e+00,2.000000000000000000e+00
9.287708904634580875e+00,8.719265941143330423e+00,2.000000000000000000e+00
1.389382518886571605e+00,2.044417910189975984e+00,0.000000000000000000e+00
2.645756685825958243e+00,7.893097612526045026e+00,1.000000000000000000e+00
8.586375962907473181e+00,3.954987103927783743e+00,1.000000000000000000e+00
3.371778182463407436e+00,2.355786367091261546e-01,0.000000000000000000e+00
3.562719894407881949e+00,5.690808075181212899e+00,1.000000000000000000e+00
5.406459568041023012e+00,2.254570015331813782e-01,1.000000000000000000e+00
2.575753225389751044e+00,2.177643347819829600e+00,0.000000000000000000e+00
5.488516606391242725e+00,4.535800598373283421e+00,2.000000000000000000e+00
3.725243632370454083e+00,6.102984963602007262e+00,1.000000000000000000e+00
5.065142793252483955e+00,8.887979835467978873e+00,2.000000000000000000e+00
6.371678757085316391e+00,3.060751326678264661e+00,1.000000000000000000e+00
1.211674508356749280e+00,9.060529588364862885e-01,0.000000000000000000e+00
7.422340998350080987e+00,2.703741154095669064e+00,1.000000000000000000e+00
8.752079438415986345e+00,4.050954092478528779e+00,1.000000000000000000e+00
7.353627377370340668e+00,7.278192640682912273e-01,1.000000000000000000e+00
6.673130513028989519e+00,2.672327161824096464e+00,1.000000000000000000e+00
4.500558804789851486e+00,7.584294536127166531e+00,1.000000000000000000e+00
1.211978495934179501e+00,4.030907179147272146e+00,0.000000000000000000e+00
3.509820536472310071e+00,3.163570596474629681e-01,0.000000000000000000e+00
1.570692989060984424e+00,1.809634972707611089e+00,0.000000000000000000e+00
2.110453721046523512e-01,8.307045697572112974e-01,0.000000000000000000e+00
9.450445532407359295e+00,9.653518924347853414e+00,2.000000000000000000e+00
2.452063755123101707e+00,1.368129661342141201e+00,0.000000000000000000e+00
9.774507624050407628e+00,4.030927494631839636e+00,2.000000000000000000e+00
4.504976946640280033e+00,7.171343889956009576e+00,1.000000000000000000e+00
3.027633622715688588e+00,4.823808756506543283e+00,0.000000000000000000e+00
9.946956586797210065e+00,2.671529781758459343e+00,1.000000000000000000e+00
2.922440295050383607e+00,6.841740063684190076e+00,1.000000000000000000e+00
6.744859682375439647e+00,5.596797250855080286e+00,1.000000000000000000e+00
4.770810191612733675e+00,2.730756372969698198e+00,1.000000000000000000e+00
1.869820180039616364e+00,8.539928803279027036e+00,0.000000000000000000e+00
1.103486368424321240e+00,9.989377687701335162e+00,1.000000000000000000e+00
3.403784568454735204e+00,3.545761325326056479e+00,0.000000000000000000e+00
2.906114640207948518e+00,6.165723059484186308e+00,1.000000000000000000e+00
2.539795273985840041e+00,2.098064367148164688e+00,0.000000000000000000e+00
3.518755163248926898e+00,5.095078389182459588e+00,1.000000000000000000e+00
8.800867539427681407e-01,9.684325387713506927e+00,1.000000000000000000e+00
3.988027520230881251e+00,1.363691497936841968e+00,0.000000000000000000e+00
4.401477638138318049e-01,6.126037131409893810e+00,0.000000000000000000e+00
9.766515445921297722e-01,5.449234759142374429e+00,0.000000000000000000e+00
4.540032294517239997e+00,3.577488945497698580e+00,1.000000000000000000e+00
6.702711529000973556e+00,9.001802372524551288e+00,2.000000000000000000e+00
6.220096947200220328e+00,9.838575383090860882e+00,2.000000000000000000e+00
2.473335633025862457e+00,6.106239289135762860e+00,0.000000000000000000e+00
2.018573918005680312e+00,8.066902662047869654e+00,0.000000000000000000e+00
5.299929242140239083e+00,1.525947361594243157e+00,1.000000000000000000e+00
2.247126374839267804e+00,5.227226867048784698e+00,0.000000000000000000e+00
1.527417169314981837e-01,7.859957689937515646e+00,1.000000000000000000e+00
1.245498623247621728e+00,1.829022743347988866e+00,0.000000000000000000e+00
7.056947612607162412e+00,4.755790440646441297e+00,1.000000000000000000e+00
2.874318543203418841e+00,2.576384252828936017e+00,0.000000000000000000e+00
7.074379899181084674e+00,1.537970920438158640e-01,1.000000000000000000e+00
8.829656048673289348e+00,4.561142764411667549e+00,1.000000000000000000e+00
4.852099360970166586e+00,4.664084088858770905e+00,1.000000000000000000e+00
2.973175507734221235e+00,5.183496725573233377e+00,0.000000000000000000e+00
4.817077758721283409e+00,1.584830780109730552e+00,1.000000000000000000e+00
9.191838836207932850e-01,6.052751410101664398e+00,0.000000000000000000e+00
5.744115809176534526e+00,6.437813032582283768e+00,2.000000000000000000e+00
1.393350647912006135e-01,5.675418299400347699e-01,0.000000000000000000e+00
1.922681333373044144e-01,6.588396547073832821e+00,1.000000000000000000e+00
8.452710631790040452e+00,3.261581838799387789e+00,1.000000000000000000e+00
1.944910777126269696e+00,8.013627961613632777e+00,0.000000000000000000e+00
3.576733902197244408e+00,3.272802798752134645e+00,0.000000000000000000e+00
8.414924908377797053e+00,1.783350841559175892e+00,1.000000000000000000e+00
3.534824128418888378e+00,1.402714886413926054e+00,0.000000000000000000e+00
1.288852435115028783e+00,2.881094522628444565e+00,0.000000000000000000e+00
8.828182510790721693e+00,5.757702273338277443e+00,1.000000000000000000e+00
9.815199289021427020e+00,7.839608620347414458e+00,2.000000000000000000e+00
1.496260079544768917e+00,1.227110610617185849e+00,0.000000000000000000e+00
7.017373942626010219e+00,2.150824324840754365e+00,1.000000000000000000e+00
1.960879632196178557e+00,5.958976855050917898e+00,0.000000000000000000e+00
6.589994861656287561e+00,8.779374323725333440e+00,2.000000000000000000e+00
1.290213188398330324e+00,3.991576393032043590e+00,0.000000000000000000e+00
1.465961627281427981e+00,1.842620076944754270e+00,0.000000000000000000e+00
6.945892557795078304e+00,6.731329526496698801e-01,1.000000000000000000e+00
2.612349916911831382e+00,2.022114982794293248e+00,0.000000000000000000e+00
9.759384483418076073e+00,9.329656220003609945e+00,2.000000000000000000e+00
4.098323236992515106e+00,7.598610356509349906e-01,0.000000000000000000e+00
9.283711047823295370e-01,6.754228801212138755e+00,0.000000000000000000e+00
3.307767487226098702e+00,5.139375162552559217e+00,1.000000000000000000e+00
5.883854268017452149e-01,3.947720474411653413e+00,0.000000000000000000e+00
1.673003426205843525e+00,3.120248137856143078e+00,0.000000000000000000e+00
7.165178813557602666e+00,8.850581417462091594e+00,2.000000000000000000e+00
5.019526281613515550e+00,5.582400727471040547e+00,2.000000000000000000e+00
6.332646484983616375e+00,8.086068135103959165e+00,2.000000000000000000e+00
6.292488878845727385e+00,3.950458594388872591e-01,1.000000000000000000e+00
7.050983364951451726e+00,1.155544346038316350e+00,1.000000000000000000e+00
5.487180712494132973e-01,8.370702481985038190e+00,1.000000000000000000e+00
5.458768446420264375e+00,6.136133700221421350e+00,2.000000000000000000e+00
6.097837241800965202e+00,8.885942632880984959e+00,2.000000000000000000e+00
6.478314023100604224e+00,1.397160476847227883e+00,1.000000000000000000e+00
4.766322690290265562e+00,7.643318856208006551e+00,1.000000000000000000e+00
8.007808159726454988e+00,3.150883513840037065e+00,1.000000000000000000e+00
3.913423428728750597e+00,3.908674568908698799e-01,0.000000000000000000e+00
8.973660377713766678e+00,5.483841905417752294e-01,1.000000000000000000e+00
2.579585040275629293e+00,8.182328409841598926e+00,1.000000000000000000e+00
1.635093343886947492e+00,1.432568956538264882e+00,0.000000000000000000e+00
7.297964316494676140e+00,6.559906784178539674e+00,1.000000000000000000e+00
9.695573327306128419e+00,1.960359137672492702e+00,1.000000000000000000e+00
3.815751832579286962e+00,6.172610642527476266e+00,1.000000000000000000e+00
9.580725481709942315e+00,2.228325404769477824e+00,1.000000000000000000e+00
4.501028656826298047e+00,9.725798477946481668e+00,1.000000000000000000e+00
7.020361667016116414e+00,1.369285451243633656e+00,1.000000000000000000e+00
5.280711486047657388e+00,9.463841081380460096e+00,2.000000000000000000e+00
8.739383561857168914e+00,6.169779102864870524e+00,1.000000000000000000e+00
8.963694034640974806e+00,5.645322853283305520e+00,1.000000000000000000e+00
5.145567844374129507e+00,7.188727631486119485e+00,2.000000000000000000e+00
6.723991871931794151e+00,4.760763004534896758e+00,1.000000000000000000e+00
9.403882842346124704e+00,4.557559975469331448e+00,1.000000000000000000e+00
9.712826785985509304e+00,3.756665761499315970e+00,1.000000000000000000e+00
7.926337033451849479e+00,8.273706179599184196e+00,1.000000000000000000e+00
8.740679841470711864e+00,4.772624948485643337e+00,1.000000000000000000e+00
6.391913642815139074e-01,1.900503131882045338e+00,0.000000000000000000e+00
1.244493460771296522e+00,4.179041131788005181e+00,0.000000000000000000e+00
5.543593660001052470e+00,4.978650603211836945e+00,2.000000000000000000e+00
8.914858667779434143e+00,9.238810352751114507e+00,2.000000000000000000e+00
3.167329284850246562e+00,1.590250505631920497e+00,0.000000000000000000e+00
4.339681584864080399e+00,8.850893874916842208e+00,1.000000000000000000e+00
6.351234365737448151e+00,3.334227155161493261e+00,1.000000000000000000e+00
7.142720346908237872e+00,7.891346888096484324e-01,1.000000000000000000e+00
5.314274046251333594e+00,6.801279087502597243e+00,2.000000000000000000e+00
9.111471894994089382e+00,5.650477822883592793e+00,1.000000000000000000e+00
9.371753970512905596e+00,6.730790236853053443e+00,2.000000000000000000e+00
7.953392830542326486e+00,3.902904724032303374e+00,1.000000000000000000e+00
8.318011708492317524e+00,1.984233757609265014e+00,1.000000000000000000e+00
4.135500653627159906e+00,9.915490745362561142e+00,1.000000000000000000e+00
2.589379030431383732e+00,5.909195410776200141e+00,0.000000000000000000e+00
2.475365301050613809e-01,2.210156362962663934e+00,0.000000000000000000e+00
8.257651504476605453e+00,3.743477878572868178e+00,1.000000000000000000e+00
3.424106231877841466e+00,6.429249532599071060e+00,1.000000000000000000e+00
2.058489366193816394e-01,1.509221483964459098e+00,0.000000000000000000e+00
6.356916050911528338e+00,2.974590627765479667e+00,1.000000000000000000e+00
5.148484588983784249e+00,8.706842272630195723e+00,2.000000000000000000e+00
7.195600401086262643e+00,2.423979757331562457e-01,1.000000000000000000e+00
7.357062800173956418e+00,8.675337118674544712e+00,2.000000000000000000e+00
3.703502576896066323e+00,6.607188862372749050e+00,1.000000000000000000e+00
4.241980469179891244e+00,7.747354456372127274e+00,1.000000000000000000e+00
5.297181070680757387e+00,7.374741984912912329e+00,2.000000000000000000e+00
8.000826936126427924e+00,5.049846187886952720e+00,1.000000000000000000e+00
3.577171204061508902e+00,9.535009058300563112e+00,1.000000000000000000e+00
7.117706701608071285e+00,1.671744633066343244e+00,1.000000000000000000e+00
9.252068813937476932e+00,6.920304013492967421e+00,2.000000000000000000e+00
8.555144048907335375e+00,9.874432968672447686e+00,2.000000000000000000e+00
7.690386724815669872e+00,9.432383396201856840e+00,2.000000000000000000e+00
1.020397068986530487e+00,2.087604165835310610e+00,0.000000000000000000e+00
9.323084103015480295e+00,6.760709604665342098e+00,2.000000000000000000e+00
2.814565265617003043e+00,8.020476846931469339e+00,1.000000000000000000e+00
7.245388927652508748e+00,6.114374085745740928e+00,1.000000000000000000e+00
5.555251466314947706e+00,9.301972132967597062e+00,2.000000000000000000e+00
1.956732993463986547e+00,2.984372027879365952e+00,0.000000000000000000e+00
7.252787434436521963e+00,8.381649215295020383e+00,2.000000000000000000e+00
8.160936968203543529e+00,3.043602161748850676e+00,1.000000000000000000e+00
9.976055148626919333e+00,8.863813390754399890e+00,2.000000000000000000e+00
8.688685230150134942e+00,6.754215255065577850e+00,1.000000000000000000e+00
5.479937594968808945e+00,4.974574994313262444e+00,2.000000000000000000e+00
3.730521323625171082e+00,4.102067926948920196e+00,1.000000000000000000e+00
5.306881624539721010e+00,2.688788588276220803e+00,2.000000000000000000e+00
8.978060582446135029e+00,1.543910292382267846e+00,1.000000000000000000e+00
5.836675312146094363e+00,4.953218968069050820e-01,1.000000000000000000e+00
4.987518504746121906e+00,3.112830602234384347e-01,0.000000000000000000e+00
6.235289566073920486e-01,9.500693321247450029e+00,1.000000000000000000e+00
5.261890932978968927e+00,1.822707087159152195e+00,2.000000000000000000e+00
8.821389173898023017e+00,5.615214721375515694e+00,1.000000000000000000e+00
3.368196875146925784e+00,5.613883943081711791e+00,1.000000000000000000e+00
9.404927900790472250e+00,2.323356909412289895e+00,1.000000000000000000e+00
3.731100311838631001e+00,4.486750824906300394e+00,1.000000000000000000e+00
7.333703231716196314e+00,2.437742465270146042e+00,1.000000000000000000e+00
3.152663125764068930e+00,2.959131470727405233e-01,0.000000000000000000e+00
3.942500441569435132e+00,4.000358954855975924e+00,1.000000000000000000e+00
4.522243251318869284e-01,1.920033125971505328e+00,0.000000000000000000e+00
6.151866012377615878e-01,8.142559964096061975e+00,1.000000000000000000e+00
2.003452177881688279e+00,2.090191095488504125e+00,0.000000000000000000e+00
7.800237507578132501e+00,6.512822106904404329e+00,1.000000000000000000e+00
9.280234803649800579e-01,7.701659621440245296e+00,0.000000000000000000e+00
8.815557980391702131e+00,1.671163011287576383e+00,1.000000000000000000e+00
3.177632992490981856e+00,2.293845376907191813e+00,0.000000000000000000e+00
5.937160386831559222e+00,5.063675358078945976e+00,2.000000000000000000e+00
8.368037956307025738e+00,4.130149144355601543e+00,1.000000000000000000e+00
6.780393553975931908e+00,5.391946482087320192e+00,1.000000000000000000e+00
1.528952674215643404e+00,5.256894626975856966e+00,0.000000000000000000e+00
4.620612763632834685e+00,8.561123768462852723e-02,0.000000000000000000e+00
4.459398627958957029e+00,5.575137796314013627e+00,1.000000000000000000e+00
3.619353375195444311e+00,5.482822370485045838e+00,1.000000000000000000e+00
2.809415501059882025e+00,2.129585120756265493e+00,0.000000000000000000e+00
2.053184995549905967e+00,9.208312044232004112e+00,1.000000000000000000e+00
5.609854381773699217e+00,7.729477091640065467e+00,2.000000000000000000e+00
1.963312539481976149e-01,4.040196708941871329e+00,0.000000000000000000e+00
3.283686174496231125e+00,1.387109488554859604e+00,0.000000000000000000e+00
1.920444198293191906e+00,3.492111155958323998e+00,0.000000000000000000e+00
5.949404063590023384e+00,4.790102947976221159e+00,2.000000000000000000e+00
7.028638708837108950e+00,5.902169887186214936e+00,1.000000000000000000e+00
5.007806545812893972e+00,4.718730930024150894e-01,1.000000000000000000e+00
8.832760676573535363e+00,9.642765613191784269e+00,2.000000000000000000e+00
3.063489144793384078e+00,7.669291470091128105e+00,1.000000000000000000e+00
7.145501315487518212e+00,7.769730410398612008e+00,1.000000000000000000e+00
3.544320453697801021e+00,4.377482694554335474e+00,1.000000000000000000e+00
7.282870673105326986e+00,5.286132087786262979e+00,1.000000000000000000e+00
1.286213812370512466e+00,1.030449176875402051e+00,0.000000000000000000e+00
2.531504846890567428e+00,8.187725325402245957e+00,1.000000000000000000e+00
8.969981203530172920e+00,4.347940805673990106e+00,1.000000000000000000e+00
6.087088874290996543e+00,6.113286659906203013e+00,2.000000000000000000e+00
9.565277161217025537e+00,7.343047352767112734e+00,2.000000000000000000e+00
2.338605031344831442e-01,8.372098134737871789e+00,1.000000000000000000e+00
4.507806835759473607e+00,5.789827150241141140e+00,1.000000000000000000e+00
3.995578950091797310e+00,3.312795699783591452e+00,1.000000000000000000e+00
1.564902588877411516e+00,1.105580576833242734e-01,0.000000000000000000e+00
6.097916262159960077e+00,3.765906270442179959e+00,1.000000000000000000e+00
3.624482162000544072e+00,8.932585499614768665e+00,1.000000000000000000e+00
1.776292971595668790e+00,5.687007285973026960e+00,0.000000000000000000e+00
5.161052850382969126e+00,8.904268806733252717e+00,2.000000000000000000e+00
4.834181162105930518e+00,3.577102236399909430e+00,1.000000000000000000e+00
6.709852885672420442e+00,2.500863572914038269e+00,1.000000000000000000e+00
5.634245217336521172e+00,3.320182432757291302e+00,2.000000000000000000e+00
9.771880408598409673e+00,5.381349843879844386e+00,2.000000000000000000e+00
5.731608577668150240e+00,4.827385520219484860e-01,1.000000000000000000e+00
8.829740783209917510e+00,5.532997957159023983e+00,1.000000000000000000e+00
1.984957793037737117e+00,8.080508295792039775e+00,0.000000000000000000e+00
6.962079399557829618e+00,6.549858261674612603e-01,1.000000000000000000e+00
6.016156497509232537e+00,8.355964134376685948e+00,2.000000000000000000e+00
5.715471615944254680e+00,9.454392345304085676e-01,1.000000000000000000e+00
3.969537820179964704e+00,7.777676643970757198e+00,1.000000000000000000e+00
6.295087874170224307e-01,4.064308996350206371e+00,0.000000000000000000e+00
5.225654586138873015e+00,4.170491685724694086e+00,2.000000000000000000e+00
6.236371384875056378e+00,1.724953873917157710e+00,1.000000000000000000e+00
1.298497133574025852e+00,7.628115321305603658e+00,0.000000000000000000e+00
8.583244191645260202e+00,6.787011212369535862e+00,1.000000000000000000e+00
7.636141212101260400e+00,1.110966834119723190e+00,1.000000000000000000e+00
6.137141023026750020e+00,1.719685783696867087e-01,1.000000000000000000e+00
5.895863909125895752e+00,2.084013944063935142e+00,1.000000000000000000e+00
3.442087142400658273e+00,3.153261407628438207e+00,0.000000000000000000e+00
3.038948832405519163e+00,7.628581074191547629e+00,1.000000000000000000e+00
8.093871688043877910e+00,7.729065127555074355e+00,1.000000000000000000e+00
4.384790107364779033e+00,3.768473440528937957e+00,1.000000000000000000e+00
6.306275027774931985e+00,9.081789514957415932e+00,2.000000000000000000e+00
7.049640257548017708e+00,2.627792633048997573e+00,1.000000000000000000e+00
3.529371929190183721e+00,3.902864389968999426e+00,1.000000000000000000e+00
6.337721735047513683e+00,5.139257834624093135e+00,1.000000000000000000e+00
1.220861629574609974e+00,8.122459744023677430e+00,0.000000000000000000e+00
7.981074977223218347e+00,8.343345383409268123e+00,1.000000000000000000e+00
4.106807033188832001e+00,5.377759468703876777e+00,1.000000000000000000e+00
4.470020935258174788e+00,4.574337231107805657e-01,0.000000000000000000e+00
9.786861730780382906e-01,1.770376282557728498e-01,0.000000000000000000e+00
1.372208039595912421e-01,1.615744541878353369e+00,0.000000000000000000e+00
2.995391763698151966e+00,5.425427862423616077e+00,0.000000000000000000e+00
9.689699790420892356e+00,8.351659073384031018e+00,2.000000000000000000e+00
6.254477505999293641e+00,9.984766408315747910e+00,2.000000000000000000e+00
3.949369339885348218e+00,8.983187697375319303e+00,1.000000000000000000e+00
4.900140154876085674e+00,5.356579581594901995e+00,1.000000000000000000e+00
5.430088492244053100e+00,4.648367479364137189e+00,2.000000000000000000e+00
5.596815871488685090e+00,7.608080014444941419e+00,2.000000000000000000e+00
9.009910971547844483e+00,4.120851824073435310e+00,1.000000000000000000e+00
9.429426263546270448e+00,7.179599174954081064e+00,2.000000000000000000e+00
9.513863822007870397e+00,1.987272548774101644e+00,1.000000000000000000e+00
8.003484816829232074e+00,3.862871691018272546e+00,1.000000000000000000e+00
4.145640842748852251e+00,8.566516567047566255e+00,1.000000000000000000e+00
3.726795507845984901e+00,6.571169986632421356e+00,1.000000000000000000e+00
3.022190283458225935e+00,8.278267019221217993e+00,1.000000000000000000e+00
9.088792972515577162e+00,3.216538999128113474e+00,1.000000000000000000e+00
5.639812331779339161e+00,6.829044622441154289e+00,2.000000000000000000e+00
2.279402521296453266e+00,2.887419446224883668e+00,0.000000000000000000e+00
2.818467106420137203e+00,8.127314147305686021e+00,1.000000000000000000e+00
7.958540635422281184e+00,5.936939745627406673e+00,1.000000000000000000e+00
9.405329332969238010e+00,6.443634230665196139e-01,1.000000000000000000e+00
8.254890388768727050e+00,5.579417502732392009e+00,1.000000000000000000e+00
3.960646832082115321e-01,7.040671086486176122e+00,1.000000000000000000e+00
3.277819503716107086e+00,6.465401948449885694e+00,1.000000000000000000e+00
7.167730272354956078e+00,4.046674511729948520e+00,1.000000000000000000e+00
7.133239943150534224e+00,5.927594429906246631e+00,1.000000000000000000e+00
3.706613164425451856e+00,1.685859706122539992e+00,0.000000000000000000e+00
2.079708616507558450e+00,3.810689300010203784e+00,0.000000000000000000e+00
5.798011731111313516e+00,7.361018681092654781e+00,2.000000000000000000e+00
6.224242449309401515e+00,9.798392013900855346e+00,2.000000000000000000e+00
1.470739611688136605e+00,2.333365579615456209e+00,0.000000000000000000e+00
1.568038657898214172e+00,7.708824996606531421e+00,0.000000000000000000e+00
7.039176981581018566e+00,9.383098437840180495e+00,2.000000000000000000e+00
3.226662258022190422e+00,4.308242061908478249e+00,0.000000000000000000e+00
3.619089597979546546e+00,1.863080847933329398e+00,0.000000000000000000e+00
2.685035345607749147e+00,7.381152746675035736e+00,1.000000000000000000e+00
6.893922024672579418e+00,3.450134491034524409e+00,1.000000000000000000e+00
9.760223577751309776e+00,4.350830129885874253e-01,1.000000000000000000e+00
7.459894902852359788e-01,1.255962936973176181e+00,0.000000000000000000e+00
3.601784768145900095e+00,4.728560074673693325e-01,0.000000000000000000e+00
9.812626716554420980e+00,4.292650429085514752e+00,2.000000000000000000e+00
1.211079064727549337e+00,3.713334506717674621e+00,0.000000000000000000e+00
8.771535124891252977e+00,6.371776002057130128e+00,1.000000000000000000e+00
1.420876897911586001e+00,1.128239277281108954e+00,0.000000000000000000e+00
7.926940710385195210e+00,1.107391535190581644e+00,1.000000000000000000e+00
2.017592085770721688e+00,6.013727378952171687e-01,0.000000000000000000e+00
4.159557432620387019e+00,3.029296940722361331e+00,1.000000000000000000e+00
9.162720801846613305e-01,1.171797588778926702e+00,0.000000000000000000e+00
3.240356215593374056e+00,4.883036356038685355e+00,1.000000000000000000e+00
1.075485395202337990e+00,9.804092300797877968e+00,1.000000000000000000e+00
5.011826045759384840e+00,9.722861915526602061e+00,2.000000000000000000e+00
2.516279574211557346e+00,4.066006750195083619e-02,0.000000000000000000e+00
3.475246824801221379e+00,1.407729931885374208e+00,0.000000000000000000e+00
8.606676804969390915e+00,7.910503448887096667e+00,1.000000000000000000e+00
5.282055803743288536e+00,9.736383440099418252e+00,2.000000000000000000e+00
7.676358356373721215e+00,8.981875003475135344e+00,2.000000000000000000e+00
9.629763140191560211e+00,4.884070352118119018e+00,2.000000000000000000e+00
3.120748629948107755e+00,9.900566407955690984e-01,0.000000000000000000e+00
4.704747273509079619e+00,3.697112814255262059e+00,1.000000000000000000e+00
1.261756078296411010e+00,2.549965390962340983e+00,0.000000000000000000e+00
1.982534371805318996e+00,9.316432724448668878e+00,1.000000000000000000e+00
8.534977748842786482e+00,6.440417109616859648e+00,1.000000000000000000e+00
1.068126959889292849e+00,2.464470674801542138e+00,0.000000000000000000e+00
3.208795882659561727e+00,5.287478781796340677e+00,1.000000000000000000e+00
8.068110063989127667e+00,2.855396278203007121e+00,1.000000000000000000e+00
6.585258772499802404e-01,6.799684709888342837e-02,0.000000000000000000e+00
8.863000978267452368e+00,6.921712846131232055e+00,1.000000000000000000e+00
6.365282792273100121e+00,5.922502102301802296e+00,2.000000000000000000e+00
4.190887596073640253e+00,8.232085063355988552e+00,1.000000000000000000e+00
4.686552477891265944e+00,2.191781986133892524e+00,1.000000000000000000e+00
2.871785085909599466e+00,3.512488038301553317e-01,0.000000000000000000e+00
7.471215624713327230e+00,6.045267633159547849e+00,1.000000000000000000e+00
9.847640659721800915e+00,5.033535817470764506e+00,2.000000000000000000e+00
6.525484636988657883e+00,4.236573799043650723e+00,1.000000000000000000e+00
6.316255857048589384e+00,2.751327531500957768e-01,1.000000000000000000e+00
9.026752540359128218e+00,2.423942532233721359e+00,1.000000000000000000e+00
1.077275126016672413e+00,8.923348194995929461e+00,1.000000000000000000e+00
2.909470577758369814e+00,3.735735775141971970e+00,0.000000000000000000e+00
7.344153882277504763e+00,9.582392617342595287e+00,2.000000000000000000e+00
6.201876753618440929e+00,1.325304003171149381e+00,1.000000000000000000e+00
6.824606117069142996e+00,1.923392203783280685e-01,1.000000000000000000e+00
6.901574912431338582e+00,8.024227210132448107e+00,2.000000000000000000e+00
6.156399148418593370e+00,9.872229515280732670e+00,2.000000000000000000e+00
7.232141006313428377e+00,1.926227573912785429e+00,1.000000000000000000e+00
1.943852811619175558e+00,2.977729830289020718e+00,0.000000000000000000e+00
8.141529471623401903e+00,1.005438866391783481e+00,1.000000000000000000e+00
3.911545415396887826e+00,2.872291861779427080e+00,1.000000000000000000e+00
2.913366819398391705e+00,9.571693029759519078e+00,1.000000000000000000e+00
8.455918892494505457e+00,6.191510854834826105e+00,1.000000000000000000e+00
8.857396813817915771e+00,3.502233355884523114e+00,1.000000000000000000e+00
2.625538356958836417e+00,6.194792032867542098e+00,0.000000000000000000e+00
1.934071030408126557e+00,2.342971356466616584e+00,0.000000000000000000e+00
2.594875513424377278e-01,6.594968623729472235e+00,1.000000000000000000e+00
1.019093305359526358e+00,1.429151894918395671e+00,0.000000000000000000e+00
8.613189473761591941e+00,2.787428218402612234e+00,1.000000000000000000e+00
2.658212717408854342e+00,1.552293774376698465e+00,0.000000000000000000e+00
9.349133837784647127e+00,1.233115223187445375e+00,1.000000000000000000e+00
9.983254584325159442e+00,7.393758069788896492e+00,2.000000000000000000e+00
8.279020528249464661e+00,5.853414045131826171e+00,1.000000000000000000e+00
6.860326234916350074e+00,1.839097934984247340e+00,1.000000000000000000e+00
8.964136879007844172e+00,7.453632189772688932e+00,2.000000000000000000e+00
6.142531676074737490e+00,3.252226611058230965e+00,1.000000000000000000e+00
4.603677451549325284e+00,9.457421560090450541e+00,1.000000000000000000e+00
9.830901534526857333e+00,8.909645130253665002e+00,2.000000000000000000e+00
3.685795137731602278e+00,5.545731132932402829e+00,1.000000000000000000e+00
7.024425125409922366e+00,8.136764158311315498e+00,2.000000000000000000e+00
9.346727955307979840e+00,4.109420621478734326e+00,1.000000000000000000e+00
1.265415868684418577e+00,5.571815855657787253e+00,0.000000000000000000e+00
2.135798241536503106e+00,7.529631328331928941e+00,0.000000000000000000e+00
5.012452346800588820e-01,4.695132467968909040e+00,0.000000000000000000e+00
5.784799516642857853e+00,4.627381095307699255e+00,2.000000000000000000e+00
9.878788827537878348e+00,6.605307427791396790e+00,2.000000000000000000e+00
8.084233474346742554e+00,4.570314859490713921e+00,1.000000000000000000e+00
6.007176627166215255e+00,3.757402594334525503e+00,1.000000000000000000e+00
1.439259319190746567e+00,5.032876687196715437e+00,0.000000000000000000e+00
4.615736785584595658e+00,7.338350821122841872e+00,1.000000000000000000e+00
6.419618454928318840e+00,6.832695468031938724e+00,2.000000000000000000e+00
1.355893283776499203e-02,5.244853091069032303e+00,1.000000000000000000e+00
8.075750815616055789e+00,9.312465674889443434e+00,2.000000000000000000e+00
2.971656462754591388e+00,6.835356862812325573e+00,1.000000000000000000e+00
8.275037381797334390e+00,8.361882690438278587e+00,1.000000000000000000e+00
6.741685557548493080e+00,5.123890196266508212e+00,1.000000000000000000e+00
7.281682348158881268e+00,9.740383783873426182e+00,2.000000000000000000e+00
6.202585204858195311e+00,9.867502589801308233e+00,2.000000000000000000e+00
9.767207803112707865e+00,7.194729824634691795e+00,2.000000000000000000e+00
3.999086554698235929e+00,6.156960950476488392e+00,1.000000000000000000e+00
3.587525012576976202e+00,4.264261266580366083e+00,1.000000000000000000e+00
4.263266180176138676e+00,5.106991553917399784e+00,1.000000000000000000e+00
9.677952163802780561e+00,4.003492674490360059e+00,2.000000000000000000e+00
5.141113560677505134e+00,6.211790203213674033e-01,1.000000000000000000e+00
5.644846886184825330e+00,7.191830804656367704e+00,2.000000000000000000e+00
8.673620477760657366e-02,5.927854752064306787e+00,1.000000000000000000e+00
3.513391942600892826e+00,7.155007548619762847e-01,0.000000000000000000e+00
9.363305391783610432e+00,7.185701878639538798e-02,1.000000000000000000e+00
9.595636165445087684e+00,4.327606952930592499e+00,2.000000000000000000e+00
6.133313463154009604e+00,2.006584126536423707e+00,1.000000000000000000e+00
2.380190415926054293e+00,6.881635098345496360e+00,0.000000000000000000e+00
7.269158942071078044e+00,7.402701332262832778e+00,1.000000000000000000e+00
4.002139972545034396e+00,6.035986176707983653e+00,1.000000000000000000e+00
6.438361752853646536e+00,7.239934073263998293e-01,1.000000000000000000e+00
7.828539031483191302e+00,7.801586060849166948e+00,1.000000000000000000e+00
8.618095920080527605e+00,8.817534570681615946e+00,2.000000000000000000e+00
4.889194118427287350e+00,4.689796192948202602e+00,1.000000000000000000e+00
4.843678420594202727e+00,9.123346296206475969e+00,1.000000000000000000e+00
2.388424986880704814e+00,2.139741346596250260e+00,0.000000000000000000e+00
6.032953700865460789e+00,1.326062187462696551e+00,1.000000000000000000e+00
1.032862048375569053e+00,7.002544988367445988e+00,0.000000000000000000e+00
3.462560617152897535e+00,9.131861359601845862e+00,1.000000000000000000e+00
5.033189877864352013e+00,5.703540765861985662e+00,2.000000000000000000e+00
6.283107005887956120e+00,7.732893954144480553e+00,2.000000000000000000e+00
5.715381468192823000e+00,2.334454965345113209e+00,1.000000000000000000e+00
9.427182910800024906e-01,9.466149310088820101e+00,1.000000000000000000e+00
1.796697825045533436e+00,1.475304857912753675e+00,0.000000000000000000e+00
7.585182309298952319e+00,1.627073675000962893e+00,1.000000000000000000e+00
6.422780255056465215e+00,6.382245377357631533e+00,2.000000000000000000e+00
9.667308226347238076e+00,4.215848230947734088e+00,2.000000000000000000e+00
1.242961203361658828e-01,7.929538083028390361e+00,1.000000000000000000e+00
1.477345669016915108e+00,8.215169487970765516e+00,0.000000000000000000e+00
8.260052871938185604e+00,4.665800273629514550e+00,1.000000000000000000e+00
1.489248089684158671e-01,6.263816222122927435e+00,1.000000000000000000e+00
3.950296831917701201e+00,6.838442096163277473e-01,0.000000000000000000e+00
7.998359174286868267e+00,5.931147740454059125e+00,1.000000000000000000e+00
5.287126453335181608e+00,2.005616414177278095e+00,2.000000000000000000e+00
